Posts Facebook,sentiment,predicted_sentiment,sentiment_score
‡∏¢‡∏≠‡∏î‡πÄ‡∏¢‡∏µ‡πà‡∏¢‡∏°‡∏Ñ‡πà‡∏∞ ‡∏£‡∏≤‡∏Ñ‡∏≤‡πÄ‡∏´‡∏°‡∏≤‡∏∞‡∏™‡∏° ‡∏ö‡∏≠‡∏Å‡∏ï‡πà‡∏≠‡πÑ‡∏î‡πâ‡πÄ‡∏•‡∏¢‡∏Ñ‡πà‡∏∞,positive,5 stars,0.3761328458786011
‡∏™‡∏ß‡∏¢‡∏Ñ‡πà‡∏∞ ‡πÄ‡∏´‡∏°‡∏∑‡∏≠‡∏ô‡πÉ‡∏ô‡∏£‡∏π‡∏õ‡πÄ‡∏•‡∏¢ ‡∏ä‡∏≠‡∏ö‡∏Ñ‡πà‡∏∞ ‡∏™‡πà‡∏á‡∏Ç‡∏≠‡∏á‡πÑ‡∏ß‡∏°‡∏≤‡∏Å‡∏Å,positive,5 stars,0.3279871940612793
‡πÉ‡∏ä‡πâ‡∏î‡∏µ‡∏Ñ‡πà‡∏∞‡∏´‡∏ô‡πâ‡∏≤‡∏ô‡∏∏‡πà‡∏°‡πÅ‡∏•‡∏∞‡∏Ç‡∏≤‡∏ß‡∏Ç‡∏∂‡πâ‡∏ô,positive,5 stars,0.3085777759552002
‡∏à‡∏±‡∏î‡∏™‡πà‡∏á‡πÄ‡∏£‡πá‡∏ß‡∏°‡∏≤‡∏Å ‡∏™‡∏∞‡∏î‡∏ß‡∏Å‡∏î‡∏µ ‡∏Ç‡∏≠‡∏á‡∏à‡∏£‡∏¥‡∏á‡∏Ç‡∏ô‡∏≤‡∏î‡πÉ‡∏´‡∏ç‡πà‡∏Å‡∏ß‡πà‡∏≤‡∏ó‡∏µ‡πà‡∏Ñ‡∏¥‡∏î‡πÑ‡∏ß‡πâ ‡πÅ‡∏ï‡πà‡πÉ‡∏ä‡πâ‡∏á‡∏≤‡∏ô‡πÑ‡∏î‡πâ‡∏î‡∏µ,positive,5 stars,0.30343836545944214
‡πÄ‡∏Å‡∏•‡∏µ‡∏¢‡∏î ‡∏ä‡∏≠‡∏ö‡∏´‡∏•‡∏≠‡∏Å‡πÉ‡∏´‡πâ‡∏™‡∏±‡πà‡∏á‡∏ã‡∏∑‡πâ‡∏≠ ‡∏ó‡∏µ‡πà‡πÑ‡∏´‡∏ô‡πÑ‡∏î‡πâ‡πÑ‡∏°‡πà‡∏°‡∏µ‡∏™‡∏¥‡πâ‡∏ô‡∏Ñ‡πâ‡∏≤,negative,3 stars,0.24746552109718323
‡∏™‡∏¥‡∏ô‡∏Ñ‡πâ‡∏≤‡∏î‡πâ‡∏≠‡∏¢‡∏Ñ‡∏∏‡∏ì‡∏†‡∏≤‡∏û,negative,5 stars,0.3085777759552002
‡∏™‡∏¥‡∏ô‡∏Ñ‡πâ‡∏≤‡∏´‡∏°‡∏î‡∏ó‡∏≥‡πÑ‡∏°‡πÑ‡∏°‡πà‡πÅ‡∏à‡πâ‡∏á‡∏Ç‡∏∂‡πâ‡∏ô‡∏ß‡πà‡∏≤‡∏´‡∏°‡∏î‡∏≠‡∏∞.‡∏Å‡∏î‡πÉ‡∏™‡πà‡∏ï‡∏∞‡∏Å‡∏£‡πâ‡∏≤‡πÑ‡∏õ‡πÄ‡∏ñ‡∏≠‡∏∞.‡πÄ‡∏ã‡πá‡∏á‡πÄ‡∏£‡∏¢	neg,negative,1 star,0.33617204427719116
‡∏≠‡∏¢‡πà‡∏≤‡∏ó‡∏≥‡πÅ‡∏ö‡∏ö‡∏ô‡∏µ‡πâ‡∏Å‡∏±‡∏ö‡πÉ‡∏Ñ‡∏£‡∏≠‡∏µ‡∏Å‡∏ô‡∏∞‡∏Ñ‡πà‡∏∞‡πÅ‡∏¢‡πà‡∏°‡∏≤‡∏Å‡∏Ñ‡πà‡∏∞,negative,5 stars,0.3085777759552002
‡∏Ñ‡∏∑‡∏≠‡πÄ‡πÄ‡∏ö‡∏ö‡∏ú‡∏¥‡∏î‡∏´‡∏ß‡∏±‡∏á‡∏°‡∏≤‡∏Å ‡πÄ‡πÄ‡∏¢‡πà‡∏ó‡∏µ‡πà‡∏™‡∏∏‡∏î‡πÑ‡∏î‡πâ‡∏Ç‡∏≠‡∏á‡∏°‡∏≤‡∏ù‡∏≤‡πÄ‡πÄ‡∏ï‡∏Å ‡πÄ‡πÄ‡∏ï‡∏Å‡∏ô‡∏¥‡∏î‡∏´‡∏ô‡πà‡∏≠‡∏¢‡πÑ‡∏°‡πà‡∏ß‡πà‡∏≤‡πÄ‡πÄ‡∏ï‡∏Å‡πÄ‡∏¢‡∏≠‡∏∞‡∏°‡∏≤‡∏Å ‡∏Ñ‡∏£‡∏±‡πâ‡∏á‡πÄ‡∏î‡∏µ‡∏¢‡∏ß‡∏û‡∏≠‡∏à‡∏ö‡πÄ‡πÄ‡∏¢‡∏Åüò¢,negative,5 stars,0.390435129404068
